model,mean_f1,std_f1
RandomForest,0.894172346640701,0.03880504169461816
GradientBoosting,0.8853403752392109,0.04361592389140271
DecisionTree,0.8670166421373782,0.029898445566446583
KNN,0.806185208931027,0.042184283586959595
SVM,0.7896982138171615,0.03115418553619651
LogReg,0.7261264393794514,0.06899530987620857
