model,mean_f1,std_f1
GradientBoosting,0.880186136071887,0.04615940398531434
RandomForest,0.8697498172644824,0.04811822438727567
DecisionTree,0.8420883353398534,0.03556647908945224
SVM,0.7480982745686422,0.03723254860933582
LogReg,0.6837561824563367,0.06569981040391215
KNN,0.6764933267931269,0.05924789107177855
